Workbook

Sheet źródła danych
A1: Dane dot. awaryjności | B1: z listy Zapisy księgi serwisu
A3: Zakres danych pozyskanych z listy j.w:
A4: Rodzaj informacji | B4: Nazwa kolumny w BC
A5: Data awarii D(a) | B5: Data księgowania | C5: Posting date
A6: Model urządzenia M | B6: Nr zapasu (serwisowany) | C6: Item No. (Serviced)
A7: Nr seryjny SN | B7: Nr seryjny (serwisowany) | C7: Serial No. (Serviced)
A8: Base Group A - Serviced | B8: Base Group A - Serviced | C8: Base Group A - Serviced
A9: Base Group B- Serviced | B9: Base Group B- Serviced | C9: Base Group B- Serviced
A10: Nr C | B10: Nr | C10: No
A11: Base GroupA | B11: Base GroupA | C11: Base GroupA
A12: Base GroupB Cn | B12: Base GroupB | C12: Base GroupB
A14: Bierzemy pod uwagę tylko dane "Typ zapisu"=Zużycie
A18: Dane dot. daty sprzedaży S/N | B18: z listy Zapisy księgi zapasów | C18: Typ zapisu=Sprzedaż
A20: Zakres danych pozyskanych z listy j.w:
A21: Rodzaj informacji | B21: Nazwa kolumny w BC
A22: Data sprzedaży D(s) | B22: Data księgowania | C22: Posting date
A24: Data sprzedaży przypisana do danych dot. awaryjności po S/N
A44: FILTRY W RAPORCIE
A45: Rodzaj informacji | B45: Nazwa kolumny w BC
A46: Model urządzenia M | B46: Nr zapasu (serwisowany) | C46: Item No. (Serviced)
A47: Base Group A - Serviced | B47: Base Group A - Serviced | C47: Base Group A - Serviced
A48: Base Group B- Serviced | B48: Base Group B- Serviced | C48: Base Group B- Serviced
A49: Nr C | B49: Nr | C49: No
A50: Base GroupA | B50: Base GroupA | C50: Base GroupA
A51: Base GroupB Cn | B51: Base GroupB | C51: Base GroupB

Sheet awarie
A1: Data awarii D(a) | B1: Data sprzedaży D(s) | C1: Czas do awarii Ti | D1: Nr zlecenia serwisowego | E1: Nr nabywcy | F1: Nr dokumentu | G1: Nr przedm. serwisu (serwisow.) | H1: Model urządzenia M | I1: Nr seryjny SN | J1: Base Group A - Serviced | K1: Base Group B- Serviced | L1: Nr C | M1: Base GroupA | N1: Base GroupB Cn | O1: Koszt jednostkowy | P1: Ilość
A2: 45841 | B2: 45041 | C2: =(_xlfn.DAYS(Table1[[#This Row],[Data awarii D(a)]],Table1[[#This Row],[Data sprzedaży D(s)]]))/30.44 -> 26.281209 | D2: ZG/Z/25/06/102 | E2: N/05907 | F2: WZ/SER/25/07/023 | G2: PS221233560 | H2: MI/AGBP-09NXD0-I | I2: 541F677890125070810072 | J2: 3.RAC_136 | K2: WEWNETRZNA_154 | L2: PRD062565944 | M2: 8.CZESCI_332 | N2: BLACHA MONTAZOWA_333 | O2: -88.849 | P2: -5
A3: 45287 | B3: 45056 | C3: =(_xlfn.DAYS(Table1[[#This Row],[Data awarii D(a)]],Table1[[#This Row],[Data sprzedaży D(s)]]))/30.44 -> 7.5886991 | D3: ZGW/2023/11/071 | E3: N/06251 | F3: WZ/SER/23/12/121 | G3: PS220704728 | H3: MI/AGBP-09NXD0-I | I3: 341F647980123240810326 | J3: 3.RAC_136 | K3: WEWNETRZNA_154 | L3: MI/SK105 | M3: G1.AKCESORIA_440 | N3: MODUL_WIFI_498 | O3: -22.40369 | P3: -1
A4: 45289 | B4: 45076 | C4: =(_xlfn.DAYS(Table1[[#This Row],[Data awarii D(a)]],Table1[[#This Row],[Data sprzedaży D(s)]]))/30.44 -> 6.9973719 | D4: ZGW/2023/12/063 | E4: N/06220 | F4: WZ/SER/23/12/190 | G4: PS221239839 | H4: MI/AGBP-09NXD0-I | I4: 541F677890125070810519 | J4: 3.RAC_136 | K4: WEWNETRZNA_154 | L4: MI/SK105 | M4: G1.AKCESORIA_440 | N4: MODUL_WIFI_498 | O4: -22.31458 | P4: -1
A5: 45429 | B5: 45099 | C5: =(_xlfn.DAYS(Table1[[#This Row],[Data awarii D(a)]],Table1[[#This Row],[Data sprzedaży D(s)]]))/30.44 -> 10.840999 | D5: ZG/Z/24/05/024 | E5: N/06889 | F5: WZ/SER/24/05/031 | G5: PS221212267 | H5: MI/AGBP-12NXD0-IH | I5: 541F678410125100870148 | J5: 3.RAC_136 | K5: WEWNETRZNA_154 | L5: MI/SK105 | M5: G1.AKCESORIA_440 | N5: MODUL_WIFI_498 | O5: -24.61345 | P5: -1
A6: 45476 | B6: 45105 | C6: =(_xlfn.DAYS(Table1[[#This Row],[Data awarii D(a)]],Table1[[#This Row],[Data sprzedaży D(s)]]))/30.44 -> 12.187911 | D6: ZG/Z/24/07/003 | E6: N/03715 | F6: WZ/SER/24/07/016 | G6: PS221218956 | H6: MI/AGBP-18NXD0-I | I6: 541H852310133170810010 | J6: 3.RAC_136 | K6: WEWNETRZNA_154 | L6: M/17222000A58718 | M6: G1.AKCESORIA_440 | N6: MULTIFUNCTION BOARD_455 | O6: -42.9656 | P6: -3
A7: 45046 | B7: 45012 | C7: =(_xlfn.DAYS(Table1[[#This Row],[Data awarii D(a)]],Table1[[#This Row],[Data sprzedaży D(s)]]))/30.44 -> 1.1169514 | D7: ZGW/2023/04/029 | E7: N/06595 | F7: WZ/SER/23/04/116 | G7: PS221211236 | H7: MI/AGBP-09NXD0-I | I7: 541F678650124180810047 | J7: 3.RAC_136 | K7: WEWNETRZNA_154 | L7: M/12222000000018 | M7: 8.CZESCI_332 | N7: OBUDOWA_357 | O7: -5 | P7: -1
A8: 45616 | B8: 45016 | C8: =(_xlfn.DAYS(Table1[[#This Row],[Data awarii D(a)]],Table1[[#This Row],[Data sprzedaży D(s)]]))/30.44 -> 19.710907 | D8: ZG/Z/24/08/002 | E8: N/08034 | F8: WZ/SER/24/11/046 | G8: PS240703736 | H8: MI/AGBPW-12NXD0-IH | I8: 541K488620136090810024 | J8: 3.RAC_136 | K8: WEWNETRZNA_154 | L8: M/12122000A83563 | M8: 8.CZESCI_332 | N8: OBUDOWA_357 | O8: -24.6 | P8: -1
A9: 45616 | B9: 45043 | C9: =(_xlfn.DAYS(Table1[[#This Row],[Data awarii D(a)]],Table1[[#This Row],[Data sprzedaży D(s)]]))/30.44 -> 18.823916 | D9: ZG/Z/24/08/002 | E9: N/08034 | F9: WZ/SER/24/11/046 | G9: PS240703737 | H9: MI/AGBPW-12NXD0-IH | I9: 541K488620136090810015 | J9: 3.RAC_136 | K9: WEWNETRZNA_154 | L9: M/12122000A83563 | M9: 8.CZESCI_332 | N9: OBUDOWA_357 | O9: -24.6 | P9: -1
A10: 45476 | B10: 45076 | C10: =(_xlfn.DAYS(Table1[[#This Row],[Data awarii D(a)]],Table1[[#This Row],[Data sprzedaży D(s)]]))/30.44 -> 13.140604 | D10: ZG/Z/24/06/101 | E10: N/07690 | F10: WZ/SER/24/07/011 | G10: PS240600640 | H10: MI/AGBPW-18NXD0-IH | I10: 541K465730338220860012 | J10: 3.RAC_136 | K10: WEWNETRZNA_154 | L10: M/12122000A83563 | M10: 8.CZESCI_332 | N10: OBUDOWA_357 | O10: -24.6 | P10: -1
A11: 45832 | B11: 45107 | C11: =(_xlfn.DAYS(Table1[[#This Row],[Data awarii D(a)]],Table1[[#This Row],[Data sprzedaży D(s)]]))/30.44 -> 23.817346 | D11: ZG/Z/25/06/110 | E11: N/02319 | F11: WZ/SER/25/06/106 | G11: PS221228167 | H11: MI/AGBP-12NXD0-I | I11: 541K316760135240810301 | J11: 3.RAC_136 | K11: WEWNETRZNA_154 | L11: M/17122000053748 | M11: 8.CZESCI_332 | N11: PCB_358 | O11: -91.82 | P11: -1
A12: 45832 | B12: 45681 | C12: =(_xlfn.DAYS(Table1[[#This Row],[Data awarii D(a)]],Table1[[#This Row],[Data sprzedaży D(s)]]))/30.44 -> 4.9605782 | D12: ZG/Z/25/06/110 | E12: N/02319 | F12: WZ/SER/25/06/106 | G12: PS221228167 | H12: MI/AGBP-12NXD0-I | I12: 541K316760135240810301 | J12: 3.RAC_136 | K12: WEWNETRZNA_154 | L12: M/11002010000143 | M12: 8.CZESCI_332 | N12: SILNIK_364 | O12: -6.83333 | P12: -1
A13: 45666 | B13: 45135 | C13: =(_xlfn.DAYS(Table1[[#This Row],[Data awarii D(a)]],Table1[[#This Row],[Data sprzedaży D(s)]]))/30.44 -> 17.444152 | D13: ZG/Z/24/12/040 | E13: N/06634 | F13: WZ/SER/25/01/008 | G13: PS240603945 | H13: MI/AGBPW-12NXD0-IH | I13: 541H704500132010810839 | J13: 3.RAC_136 | K13: WEWNETRZNA_154 | L13: M/12122000024721 | M13: 8.CZESCI_332 | N13: OBUDOWA_357 | O13: -8.9 | P13: -1
... A96: 45833 | B96: 45813 | C96: =(_xlfn.DAYS(Table1[[#This Row],[Data awarii D(a)]],Table1[[#This Row],[Data sprzedaży D(s)]]))/30.44 -> 0.65703022 | D96: ZG/Z/25/06/049 | E96: N/09525 | F96: WZ/SER/25/06/112 | G96: PS250601279 | H96: MI/AGBPW-12NXD0-IH | I96: 541U2626903A3020170226 | J96: 3.RAC_136 | K96: WEWNETRZNA_154 | L96: MI/AGBPW-12NXD0-IH | M96: 3.RAC_136 | N96: WEWNETRZNA_154 | O96: -305.03834 | P96: -3

Sheet dane źródłowe
A1: Ds | B1: Data sprzedaży urządzenia
A2: Da​ | B2: Data zgłoszenia awarii
A3: M | B3: Model urządzenia
A4: SN | B4: Numer seryjny urządzenia
A5: C | B5: Typ części zamiennej (np. sprężarka, wentylator)
A6: CN | B6: Numer części zamiennej (BOM)
A7: NM | B7: Liczba urządzeń danego modelu wprowadzonych na rynek, będących na gwarancji
A8: Ti | B8: Czas do awarii – liczba miesięcy od sprzedaży do awarii Ti=Da-Ds
A9: T | B9: Horyzont czasowy (miesiące) – okres, na który chcemy wykonać prognozę | C9: 5
A10: A | B10: Średnia liczba awarii danej części na jedno urządzenie

Sheet sprzedaż
A1: Model urządzenia M | B1: 2022 | C1: 2023 | D1: 2024(NAV) | E1: 2024(BC) | F1: 2025 | G1: W rynku | H1: Ilość awarii | I1: Awaryjność
A2: MI/AGBP-09NXD0-I | B2: 1346 | C2: 2057 | D2: 218 | E2: 363 | F2: 66 | G2: =SUM(Tabela3[[#This Row],[2022]:[2025]]) -> 4050 | H2: =COUNTIF(awarie!H:H,Tabela3[[#This Row],[Model urządzenia M]]) -> 29 | I2: =Tabela3[[#This Row],[Ilość awarii]]/Tabela3[[#This Row],[W rynku]] -> 0.0071604938 | K2: awaryjnośc globalna per urządzenie
A3: MI/AGBP-09NXD0-IH | C3: 75 | D3: 7 | G3: =SUM(Tabela3[[#This Row],[2022]:[2025]]) -> 82 | H3: =COUNTIF(awarie!H:H,Tabela3[[#This Row],[Model urządzenia M]]) -> 0 | I3: =Tabela3[[#This Row],[Ilość awarii]]/Tabela3[[#This Row],[W rynku]] -> 0 | K3: awaryjność per typ części zamiennej
A4: MI/AGBP-12NXD0-I | B4: 2985 | C4: 2706 | D4: 481 | E4: 773 | F4: 3 | G4: =SUM(Tabela3[[#This Row],[2022]:[2025]]) -> 6948 | H4: =COUNTIF(awarie!H:H,Tabela3[[#This Row],[Model urządzenia M]]) -> 20 | I4: =Tabela3[[#This Row],[Ilość awarii]]/Tabela3[[#This Row],[W rynku]] -> 0.0028785262
A5: MI/AGBP-12NXD0-IH | B5: 149 | C5: 106 | D5: 10 | E5: 4 | F5: 2 | G5: =SUM(Tabela3[[#This Row],[2022]:[2025]]) -> 271 | H5: =COUNTIF(awarie!H:H,Tabela3[[#This Row],[Model urządzenia M]]) -> 2 | I5: =Tabela3[[#This Row],[Ilość awarii]]/Tabela3[[#This Row],[W rynku]] -> 0.0073800738
A6: MI/AGBP-18NXD0-I | B6: 933 | C6: 793 | D6: 148 | E6: 361 | F6: 18 | G6: =SUM(Tabela3[[#This Row],[2022]:[2025]]) -> 2253 | H6: =COUNTIF(awarie!H:H,Tabela3[[#This Row],[Model urządzenia M]]) -> 11 | I6: =Tabela3[[#This Row],[Ilość awarii]]/Tabela3[[#This Row],[W rynku]] -> 0.0048823791
A7: MI/AGBP-18NXD0-IH | C7: 92 | D7: 2 | E7: 2 | G7: =SUM(Tabela3[[#This Row],[2022]:[2025]]) -> 96 | H7: =COUNTIF(awarie!H:H,Tabela3[[#This Row],[Model urządzenia M]]) -> 0 | I7: =Tabela3[[#This Row],[Ilość awarii]]/Tabela3[[#This Row],[W rynku]] -> 0
A8: MI/AGBP-24NXD0-I | B8: 135 | C8: 186 | D8: 23 | E8: 100 | F8: 8 | G8: =SUM(Tabela3[[#This Row],[2022]:[2025]]) -> 452 | H8: =COUNTIF(awarie!H:H,Tabela3[[#This Row],[Model urządzenia M]]) -> 3 | I8: =Tabela3[[#This Row],[Ilość awarii]]/Tabela3[[#This Row],[W rynku]] -> 0.0066371681
A9: MI/AGBP-24NXD0-IH | C9: 157 | D9: 95 | E9: 8 | F9: 1 | G9: =SUM(Tabela3[[#This Row],[2022]:[2025]]) -> 261 | H9: =COUNTIF(awarie!H:H,Tabela3[[#This Row],[Model urządzenia M]]) -> 1 | I9: =Tabela3[[#This Row],[Ilość awarii]]/Tabela3[[#This Row],[W rynku]] -> 0.0038314176
A10: MI/AGBPW-09NXD0-IH | C10: 112 | D10: 84 | E10: 297 | F10: 380 | G10: =SUM(Tabela3[[#This Row],[2022]:[2025]]) -> 873 | H10: =COUNTIF(awarie!H:H,Tabela3[[#This Row],[Model urządzenia M]]) -> 4 | I10: =Tabela3[[#This Row],[Ilość awarii]]/Tabela3[[#This Row],[W rynku]] -> 0.0045819015
A11: MI/AGBPW-12NXD0-IH | C11: 422 | D11: 79 | E11: 1010 | F11: 626 | G11: =SUM(Tabela3[[#This Row],[2022]:[2025]]) -> 2137 | H11: =COUNTIF(awarie!H:H,Tabela3[[#This Row],[Model urządzenia M]]) -> 18 | I11: =Tabela3[[#This Row],[Ilość awarii]]/Tabela3[[#This Row],[W rynku]] -> 0.0084230229
A12: MI/AGBPW-18NXD0-IH | C12: 171 | D12: 60 | E12: 219 | F12: 163 | G12: =SUM(Tabela3[[#This Row],[2022]:[2025]]) -> 613 | H12: =COUNTIF(awarie!H:H,Tabela3[[#This Row],[Model urządzenia M]]) -> 7 | I12: =Tabela3[[#This Row],[Ilość awarii]]/Tabela3[[#This Row],[W rynku]] -> 0.01141925
A13: MI/AGBPW-24NXD0-IH | C13: 42 | D13: 10 | E13: 66 | F13: 67 | G13: =SUM(Tabela3[[#This Row],[2022]:[2025]]) -> 185 | H13: =COUNTIF(awarie!H:H,Tabela3[[#This Row],[Model urządzenia M]]) -> 0 | I13: =Tabela3[[#This Row],[Ilość awarii]]/Tabela3[[#This Row],[W rynku]] -> 0
A14: Total | B14: =SUBTOTAL(109,B2:B13) -> 5548 | C14: =SUBTOTAL(109,C2:C13) -> 6919 | D14: =SUBTOTAL(109,D2:D13) -> 1217 | E14: =SUBTOTAL(109,E2:E13) -> 3203 | F14: =SUBTOTAL(109,F2:F13) -> 1334 | G14: =SUM(Tabela3[[#This Row],[2022]:[2025]]) -> 18221 | H14: =SUBTOTAL(109,H2:H13) -> 95 | I14: =Tabela3[[#This Row],[Ilość awarii]]/Tabela3[[#This Row],[W rynku]] -> 0.0052137643

Sheet AGBP-09NXD0-I
A1: Nr porządkowy | B1: Data awarii D(a) | C1: Data sprzedaży D(s) | D1: Czas do awarii Ti | E1: Nr zlecenia serwisowego | F1: Nr nabywcy | G1: Nr dokumentu | H1: Nr przedm. serwisu (serwisow.) | I1: Model urządzenia M | J1: Nr seryjny SN | K1: Base Group A - Serviced | L1: Base Group B- Serviced | M1: Nr C | N1: Base GroupA | O1: Base GroupB Cn | P1: Empiryczne prawdopodobieństwo awarii (Fi) | Q1: X | R1: Y | S1: a | T1: a wzor | U1: b | V1: b wzor | W1: ß | X1: η | Y1: Prawdopodobieństwo wystąpienia awarii F(t) | Z1: Zapotrzebowanie
A2: 1 | B2: 45492 | C2: 45482 | D2: 0.46 | E2: ZG/Z/24/07/068 | F2: N/05233 | G2: WZ/SER/24/07/103 | H2: PS220702594 | I2: MI/AGBP-09NXD0-I | J2: 341F401970523250810396 | K2: 3.RAC_136 | L2: WEWNETRZNA_154 | M2: M/17222000031205 | N2: 8.CZESCI_332 | O2: PCB_358 | P2: =(Tabela4[[#This Row],[Nr porządkowy]]-0.3)/($A$12+0.4) -> 0.061403509 | Q2: =LN(Tabela4[[#This Row],[Czas do awarii Ti]]) -> -0.77652879 | R2: =LN(-LN(1-Tabela4[[#This Row],[Empiryczne prawdopodobieństwo awarii (Fi)]])) -> -2.7587708 | S2: 0.86 | T2: {=ROUND(SLOPE(_xlfn._xlws.FILTER(Tabela4[Y],$O$2:$O$26=Tabela4[[#This Row],[Base GroupB Cn]]),_xlfn._xlws.FILTER(Tabela4[X],$O$2:$O$26=Tabela4[[#This Row],[Base GroupB Cn]])),4)} -> 0.9169 | U2: -2.053 | V2: {=ROUND(INTERCEPT(_xlfn._xlws.FILTER(Tabela4[Y],$O$2:$O$26=Tabela4[[#This Row],[Base GroupB Cn]]),_xlfn._xlws.FILTER(Tabela4[X],$O$2:$O$26=Tabela4[[#This Row],[Base GroupB Cn]])),4)} -> -2.1821 | W2: =Tabela4[[#This Row],[a]] -> 0.86 | X2: =EXP((-Tabela4[[#This Row],[b]])/Tabela4[[#This Row],[a]]) -> 10.88308 | Y2: =1-EXP(-(('dane źródłowe'!$C$9/Tabela4[[#This Row],[η]])^Tabela4[[#This Row],[ß]])) -> 0.40087216 | Z2: =Tabela4[[#This Row],[Prawdopodobieństwo wystąpienia awarii F(t)]]*Tabela3[[#This Row],[W rynku]]*(11/Tabela3[[#This Row],[W rynku]]) -> 4.4095937
A3: 2 | B3: 45684 | C3: 45625 | D3: 1.9382392 | E3: ZG/Z/25/01/058 | F3: N/05907 | G3: WZ/SER/25/01/068 | H3: PS221213096 | I3: MI/AGBP-09NXD0-I | J3: 341F401970523250810138 | K3: 3.RAC_136 | L3: WEWNETRZNA_154 | M3: M/17122000053742 | N3: 8.CZESCI_332 | O3: PCB_358 | P3: =(Tabela4[[#This Row],[Nr porządkowy]]-0.3)/($A$12+0.4) -> 0.14912281 | Q3: =LN(Tabela4[[#This Row],[Czas do awarii Ti]]) -> 0.66177991 | R3: =LN(-LN(1-Tabela4[[#This Row],[Empiryczne prawdopodobieństwo awarii (Fi)]])) -> -1.8233277 | S3: 0.86 | T3: {=ROUND(SLOPE(_xlfn._xlws.FILTER(Tabela4[Y],$O$2:$O$26=Tabela4[[#This Row],[Base GroupB Cn]]),_xlfn._xlws.FILTER(Tabela4[X],$O$2:$O$26=Tabela4[[#This Row],[Base GroupB Cn]])),4)} -> 0.9169 | U3: -2.053 | V3: {=ROUND(INTERCEPT(_xlfn._xlws.FILTER(Tabela4[Y],$O$2:$O$26=Tabela4[[#This Row],[Base GroupB Cn]]),_xlfn._xlws.FILTER(Tabela4[X],$O$2:$O$26=Tabela4[[#This Row],[Base GroupB Cn]])),4)} -> -2.1821 | W3: =Tabela4[[#This Row],[a]] -> 0.86 | X3: =EXP(-Tabela4[[#This Row],[b]]/Tabela4[[#This Row],[a]]) -> 10.88308 | Y3: =1-EXP(-(('dane źródłowe'!$C$9/Tabela4[[#This Row],[η]])^Tabela4[[#This Row],[ß]])) -> 0.40087216
A4: 3 | B4: 45169 | C4: 45107 | D4: 2.0367937 | E4: ZGW/2023/07/087 | F4: N/06251 | G4: WZ/SER/23/08/166 | H4: PS221224000 | I4: MI/AGBP-09NXD0-I | J4: 541F677890125070810272 | K4: 3.RAC_136 | L4: WEWNETRZNA_154 | M4: M/17122000053742 | N4: 8.CZESCI_332 | O4: PCB_358 | P4: =(Tabela4[[#This Row],[Nr porządkowy]]-0.3)/($A$12+0.4) -> 0.23684211 | Q4: =LN(Tabela4[[#This Row],[Czas do awarii Ti]]) -> 0.71137685 | R4: =LN(-LN(1-Tabela4[[#This Row],[Empiryczne prawdopodobieństwo awarii (Fi)]])) -> -1.3082586 | S4: 0.86 | T4: {=ROUND(SLOPE(_xlfn._xlws.FILTER(Tabela4[Y],$O$2:$O$26=Tabela4[[#This Row],[Base GroupB Cn]]),_xlfn._xlws.FILTER(Tabela4[X],$O$2:$O$26=Tabela4[[#This Row],[Base GroupB Cn]])),4)} -> 0.9169 | U4: -2.053 | V4: {=ROUND(INTERCEPT(_xlfn._xlws.FILTER(Tabela4[Y],$O$2:$O$26=Tabela4[[#This Row],[Base GroupB Cn]]),_xlfn._xlws.FILTER(Tabela4[X],$O$2:$O$26=Tabela4[[#This Row],[Base GroupB Cn]])),4)} -> -2.1821 | W4: =Tabela4[[#This Row],[a]] -> 0.86 | X4: =EXP(-Tabela4[[#This Row],[b]]/Tabela4[[#This Row],[a]]) -> 10.88308 | Y4: =1-EXP(-(('dane źródłowe'!$C$9/Tabela4[[#This Row],[η]])^Tabela4[[#This Row],[ß]])) -> 0.40087216
A5: 4 | B5: 45260 | C5: 45118 | D5: 4.6649146 | E5: ZGW/2023/11/068 | F5: N/04198 | G5: WZ/SER/23/11/159 | H5: PS221225732 | I5: MI/AGBP-09NXD0-I | J5: 541F677890125070810668 | K5: 3.RAC_136 | L5: WEWNETRZNA_154 | M5: M/17222000031205 | N5: 8.CZESCI_332 | O5: PCB_358 | P5: =(Tabela4[[#This Row],[Nr porządkowy]]-0.3)/($A$12+0.4) -> 0.3245614 | Q5: =LN(Tabela4[[#This Row],[Czas do awarii Ti]]) -> 1.5400695 | R5: =LN(-LN(1-Tabela4[[#This Row],[Empiryczne prawdopodobieństwo awarii (Fi)]])) -> -0.93549132 | S5: 0.86 | T5: {=ROUND(SLOPE(_xlfn._xlws.FILTER(Tabela4[Y],$O$2:$O$26=Tabela4[[#This Row],[Base GroupB Cn]]),_xlfn._xlws.FILTER(Tabela4[X],$O$2:$O$26=Tabela4[[#This Row],[Base GroupB Cn]])),4)} -> 0.9169 | U5: -2.053 | V5: {=ROUND(INTERCEPT(_xlfn._xlws.FILTER(Tabela4[Y],$O$2:$O$26=Tabela4[[#This Row],[Base GroupB Cn]]),_xlfn._xlws.FILTER(Tabela4[X],$O$2:$O$26=Tabela4[[#This Row],[Base GroupB Cn]])),4)} -> -2.1821 | W5: =Tabela4[[#This Row],[a]] -> 0.86 | X5: =EXP(-Tabela4[[#This Row],[b]]/Tabela4[[#This Row],[a]]) -> 10.88308 | Y5: =1-EXP(-(('dane źródłowe'!$C$9/Tabela4[[#This Row],[η]])^Tabela4[[#This Row],[ß]])) -> 0.40087216
A6: 5 | B6: 45421 | C6: 45230 | D6: 6.2746386 | E6: ZW/Z/24/05/001 | F6: N/08056 | G6: WZ/SER/24/05/011 | H6: PS240402878 | I6: MI/AGBP-09NXD0-I | J6: 541N369600141200170074 | K6: 3.RAC_136 | L6: WEWNETRZNA_154 | M6: M/17122500000830 | N6: 8.CZESCI_332 | O6: PCB_358 | P6: =(Tabela4[[#This Row],[Nr porządkowy]]-0.3)/($A$12+0.4) -> 0.4122807 | Q6: =LN(Tabela4[[#This Row],[Czas do awarii Ti]]) -> 1.8365159 | R6: =LN(-LN(1-Tabela4[[#This Row],[Empiryczne prawdopodobieństwo awarii (Fi)]])) -> -0.63204111 | S6: 0.86 | T6: {=ROUND(SLOPE(_xlfn._xlws.FILTER(Tabela4[Y],$O$2:$O$26=Tabela4[[#This Row],[Base GroupB Cn]]),_xlfn._xlws.FILTER(Tabela4[X],$O$2:$O$26=Tabela4[[#This Row],[Base GroupB Cn]])),4)} -> 0.9169 | U6: -2.053 | V6: {=ROUND(INTERCEPT(_xlfn._xlws.FILTER(Tabela4[Y],$O$2:$O$26=Tabela4[[#This Row],[Base GroupB Cn]]),_xlfn._xlws.FILTER(Tabela4[X],$O$2:$O$26=Tabela4[[#This Row],[Base GroupB Cn]])),4)} -> -2.1821 | W6: =Tabela4[[#This Row],[a]] -> 0.86 | X6: =EXP(-Tabela4[[#This Row],[b]]/Tabela4[[#This Row],[a]]) -> 10.88308 | Y6: =1-EXP(-(('dane źródłowe'!$C$9/Tabela4[[#This Row],[η]])^Tabela4[[#This Row],[ß]])) -> 0.40087216
A7: 6 | B7: 45219 | C7: 45015 | D7: 6.7017083 | E7: ZGW/2023/10/018 | F7: N/03664 | G7: WZ/SER/23/10/081 | H7: PS221211997 | I7: MI/AGBP-09NXD0-I | J7: 341F401970523250810173 | K7: 3.RAC_136 | L7: WEWNETRZNA_154 | M7: M/17122000053742 | N7: 8.CZESCI_332 | O7: PCB_358 | P7: =(Tabela4[[#This Row],[Nr porządkowy]]-0.3)/($A$12+0.4) -> 0.5 | Q7: =LN(Tabela4[[#This Row],[Czas do awarii Ti]]) -> 1.9023625 | R7: =LN(-LN(1-Tabela4[[#This Row],[Empiryczne prawdopodobieństwo awarii (Fi)]])) -> -0.36651292 | S7: 0.86 | T7: {=ROUND(SLOPE(_xlfn._xlws.FILTER(Tabela4[Y],$O$2:$O$26=Tabela4[[#This Row],[Base GroupB Cn]]),_xlfn._xlws.FILTER(Tabela4[X],$O$2:$O$26=Tabela4[[#This Row],[Base GroupB Cn]])),4)} -> 0.9169 | U7: -2.053 | V7: {=ROUND(INTERCEPT(_xlfn._xlws.FILTER(Tabela4[Y],$O$2:$O$26=Tabela4[[#This Row],[Base GroupB Cn]]),_xlfn._xlws.FILTER(Tabela4[X],$O$2:$O$26=Tabela4[[#This Row],[Base GroupB Cn]])),4)} -> -2.1821 | W7: =Tabela4[[#This Row],[a]] -> 0.86 | X7: =EXP(-Tabela4[[#This Row],[b]]/Tabela4[[#This Row],[a]]) -> 10.88308 | Y7: =1-EXP(-(('dane źródłowe'!$C$9/Tabela4[[#This Row],[η]])^Tabela4[[#This Row],[ß]])) -> 0.40087216
A8: 7 | B8: 45518 | C8: 45135 | D8: 12.582129 | E8: ZG/Z/24/08/037 | F8: N/06214 | G8: WZ/SER/24/08/058 | H8: PS221249506 | I8: MI/AGBP-09NXD0-I | J8: 541L73107143C070170032 | K8: 3.RAC_136 | L8: WEWNETRZNA_154 | M8: M/17122000053742 | N8: 8.CZESCI_332 | O8: PCB_358 | P8: =(Tabela4[[#This Row],[Nr porządkowy]]-0.3)/($A$12+0.4) -> 0.5877193 | Q8: =LN(Tabela4[[#This Row],[Czas do awarii Ti]]) -> 2.5322775 | R8: =LN(-LN(1-Tabela4[[#This Row],[Empiryczne prawdopodobieństwo awarii (Fi)]])) -> -0.12098094 | S8: 0.86 | T8: {=ROUND(SLOPE(_xlfn._xlws.FILTER(Tabela4[Y],$O$2:$O$26=Tabela4[[#This Row],[Base GroupB Cn]]),_xlfn._xlws.FILTER(Tabela4[X],$O$2:$O$26=Tabela4[[#This Row],[Base GroupB Cn]])),4)} -> 0.9169 | U8: -2.053 | V8: {=ROUND(INTERCEPT(_xlfn._xlws.FILTER(Tabela4[Y],$O$2:$O$26=Tabela4[[#This Row],[Base GroupB Cn]]),_xlfn._xlws.FILTER(Tabela4[X],$O$2:$O$26=Tabela4[[#This Row],[Base GroupB Cn]])),4)} -> -2.1821 | W8: =Tabela4[[#This Row],[a]] -> 0.86 | X8: =EXP(-Tabela4[[#This Row],[b]]/Tabela4[[#This Row],[a]]) -> 10.88308 | Y8: =1-EXP(-(('dane źródłowe'!$C$9/Tabela4[[#This Row],[η]])^Tabela4[[#This Row],[ß]])) -> 0.40087216
A9: 8 | B9: 45138 | C9: 44742 | D9: 13.009198 | E9: ZGW/2023/07/060 | F9: N/06314 | G9: WZ/SER/23/07/224 | H9: PS221222366 | I9: MI/AGBP-09NXD0-I | J9: 541F677890125070811263 | K9: 3.RAC_136 | L9: WEWNETRZNA_154 | M9: M/17122000053742 | N9: 8.CZESCI_332 | O9: PCB_358 | P9: =(Tabela4[[#This Row],[Nr porządkowy]]-0.3)/($A$12+0.4) -> 0.6754386 | Q9: =LN(Tabela4[[#This Row],[Czas do awarii Ti]]) -> 2.5656567 | R9: =LN(-LN(1-Tabela4[[#This Row],[Empiryczne prawdopodobieństwo awarii (Fi)]])) -> 0.11803237 | S9: 0.86 | T9: {=ROUND(SLOPE(_xlfn._xlws.FILTER(Tabela4[Y],$O$2:$O$26=Tabela4[[#This Row],[Base GroupB Cn]]),_xlfn._xlws.FILTER(Tabela4[X],$O$2:$O$26=Tabela4[[#This Row],[Base GroupB Cn]])),4)} -> 0.9169 | U9: -2.053 | V9: {=ROUND(INTERCEPT(_xlfn._xlws.FILTER(Tabela4[Y],$O$2:$O$26=Tabela4[[#This Row],[Base GroupB Cn]]),_xlfn._xlws.FILTER(Tabela4[X],$O$2:$O$26=Tabela4[[#This Row],[Base GroupB Cn]])),4)} -> -2.1821 | W9: =Tabela4[[#This Row],[a]] -> 0.86 | X9: =EXP(-Tabela4[[#This Row],[b]]/Tabela4[[#This Row],[a]]) -> 10.88308 | Y9: =1-EXP(-(('dane źródłowe'!$C$9/Tabela4[[#This Row],[η]])^Tabela4[[#This Row],[ß]])) -> 0.40087216
A10: 9 | B10: 45089 | C10: 44691 | D10: 13.074901 | E10: ZGW/2023/06/020 | F10: N/05631 | G10: WZ/SER/23/06/051 | H10: PS220500808 | I10: MI/AGBP-09NXD0-I | J10: 341F325250122220810190 | K10: 3.RAC_136 | L10: WEWNETRZNA_154 | M10: M/17222000031205 | N10: 8.CZESCI_332 | O10: PCB_358 | P10: =(Tabela4[[#This Row],[Nr porządkowy]]-0.3)/($A$12+0.4) -> 0.76315789 | Q10: =LN(Tabela4[[#This Row],[Czas do awarii Ti]]) -> 2.5706945 | R10: =LN(-LN(1-Tabela4[[#This Row],[Empiryczne prawdopodobieństwo awarii (Fi)]])) -> 0.36489418 | S10: 0.86 | T10: {=ROUND(SLOPE(_xlfn._xlws.FILTER(Tabela4[Y],$O$2:$O$26=Tabela4[[#This Row],[Base GroupB Cn]]),_xlfn._xlws.FILTER(Tabela4[X],$O$2:$O$26=Tabela4[[#This Row],[Base GroupB Cn]])),4)} -> 0.9169 | U10: -2.053 | V10: {=ROUND(INTERCEPT(_xlfn._xlws.FILTER(Tabela4[Y],$O$2:$O$26=Tabela4[[#This Row],[Base GroupB Cn]]),_xlfn._xlws.FILTER(Tabela4[X],$O$2:$O$26=Tabela4[[#This Row],[Base GroupB Cn]])),4)} -> -2.1821 | W10: =Tabela4[[#This Row],[a]] -> 0.86 | X10: =EXP(-Tabela4[[#This Row],[b]]/Tabela4[[#This Row],[a]]) -> 10.88308 | Y10: =1-EXP(-(('dane źródłowe'!$C$9/Tabela4[[#This Row],[η]])^Tabela4[[#This Row],[ß]])) -> 0.40087216
A11: 10 | B11: 45785 | C11: 45118 | D11: 21.911958 | E11: ZG/Z/25/03/026 | F11: N/00100 | G11: WZ/SER/25/05/018 | H11: PS221232394 | I11: MI/AGBP-09NXD0-I | J11: 541F677890125070810852 | K11: 3.RAC_136 | L11: WEWNETRZNA_154 | M11: M/17122000053742 | N11: 8.CZESCI_332 | O11: PCB_358 | P11: =(Tabela4[[#This Row],[Nr porządkowy]]-0.3)/($A$12+0.4) -> 0.85087719 | Q11: =LN(Tabela4[[#This Row],[Czas do awarii Ti]]) -> 3.0870325 | R11: =LN(-LN(1-Tabela4[[#This Row],[Empiryczne prawdopodobieństwo awarii (Fi)]])) -> 0.64342376 | S11: 0.86 | T11: {=ROUND(SLOPE(_xlfn._xlws.FILTER(Tabela4[Y],$O$2:$O$26=Tabela4[[#This Row],[Base GroupB Cn]]),_xlfn._xlws.FILTER(Tabela4[X],$O$2:$O$26=Tabela4[[#This Row],[Base GroupB Cn]])),4)} -> 0.9169 | U11: -2.053 | V11: {=ROUND(INTERCEPT(_xlfn._xlws.FILTER(Tabela4[Y],$O$2:$O$26=Tabela4[[#This Row],[Base GroupB Cn]]),_xlfn._xlws.FILTER(Tabela4[X],$O$2:$O$26=Tabela4[[#This Row],[Base GroupB Cn]])),4)} -> -2.1821 | W11: =Tabela4[[#This Row],[a]] -> 0.86 | X11: =EXP(-Tabela4[[#This Row],[b]]/Tabela4[[#This Row],[a]]) -> 10.88308 | Y11: =1-EXP(-(('dane źródłowe'!$C$9/Tabela4[[#This Row],[η]])^Tabela4[[#This Row],[ß]])) -> 0.40087216
A12: 11 | B12: 45845 | C12: 45076 | D12: 25.262812 | E12: ZG/Z/25/07/020 | F12: N/06251 | G12: WZ/SER/25/07/038 | H12: PS240500459 | I12: MI/AGBP-09NXD0-I | J12: 541N369600141200170029 | K12: 3.RAC_136 | L12: WEWNETRZNA_154 | M12: M/17122000053742 | N12: 8.CZESCI_332 | O12: PCB_358 | P12: =(Tabela4[[#This Row],[Nr porządkowy]]-0.3)/($A$12+0.4) -> 0.93859649 | Q12: =LN(Tabela4[[#This Row],[Czas do awarii Ti]]) -> 3.2293334 | R12: =LN(-LN(1-Tabela4[[#This Row],[Empiryczne prawdopodobieństwo awarii (Fi)]])) -> 1.0261449 | S12: 0.86 | T12: {=ROUND(SLOPE(_xlfn._xlws.FILTER(Tabela4[Y],$O$2:$O$26=Tabela4[[#This Row],[Base GroupB Cn]]),_xlfn._xlws.FILTER(Tabela4[X],$O$2:$O$26=Tabela4[[#This Row],[Base GroupB Cn]])),4)} -> 0.9169 | U12: -2.053 | V12: {=ROUND(INTERCEPT(_xlfn._xlws.FILTER(Tabela4[Y],$O$2:$O$26=Tabela4[[#This Row],[Base GroupB Cn]]),_xlfn._xlws.FILTER(Tabela4[X],$O$2:$O$26=Tabela4[[#This Row],[Base GroupB Cn]])),4)} -> -2.1821 | W12: =Tabela4[[#This Row],[a]] -> 0.86 | X12: =EXP(-Tabela4[[#This Row],[b]]/Tabela4[[#This Row],[a]]) -> 10.88308 | Y12: =1-EXP(-(('dane źródłowe'!$C$9/Tabela4[[#This Row],[η]])^Tabela4[[#This Row],[ß]])) -> 0.40087216
A13: 1 | B13: 45741 | C13: 45089 | D13: 21.419185 | E13: ZG/Z/25/03/036 | F13: N/04198 | G13: WZ/SER/25/03/053 | H13: PS221225732 | I13: MI/AGBP-09NXD0-I | J13: 541F677890125070810668 | K13: 3.RAC_136 | L13: WEWNETRZNA_154 | M13: PRD032564339 | N13: 8.CZESCI_332 | O13: PLYWAK_359 | P13: =(Tabela4[[#This Row],[Nr porządkowy]]-0.3)/($A$13+0.4) -> 0.5 | Q13: =LN(Tabela4[[#This Row],[Czas do awarii Ti]]) -> 3.064287 | R13: =LN(-LN(1-Tabela4[[#This Row],[Empiryczne prawdopodobieństwo awarii (Fi)]])) -> -0.36651292 | T13: {=ROUND(SLOPE(_xlfn._xlws.FILTER(Tabela4[Y],$O$2:$O$26=Tabela4[[#This Row],[Base GroupB Cn]]),_xlfn._xlws.FILTER(Tabela4[X],$O$2:$O$26=Tabela4[[#This Row],[Base GroupB Cn]])),4)} -> #DIV/0! | V13: {=ROUND(INTERCEPT(_xlfn._xlws.FILTER(Tabela4[Y],$O$2:$O$26=Tabela4[[#This Row],[Base GroupB Cn]]),_xlfn._xlws.FILTER(Tabela4[X],$O$2:$O$26=Tabela4[[#This Row],[Base GroupB Cn]])),4)} -> #DIV/0!
A14: 1 | B14: 45138 | C14: 45117 | D14: 0.68988173 | E14: ZGW/2023/07/075 | F14: N/07407 | G14: WZ/SER/23/07/234 | H14: PS221225671 | I14: MI/AGBP-09NXD0-I | J14: 541F677890125070810927 | K14: 3.RAC_136 | L14: WEWNETRZNA_154 | M14: M/11002015000051 | N14: 8.CZESCI_332 | O14: SILNIK_355 | P14: =(Tabela4[[#This Row],[Nr porządkowy]]-0.3)/($A$20+0.4) -> 0.094594595 | Q14: =LN(Tabela4[[#This Row],[Czas do awarii Ti]]) -> -0.3712351 | R14: =LN(-LN(1-Tabela4[[#This Row],[Empiryczne prawdopodobieństwo awarii (Fi)]])) -> -2.3088801 | S14: 0.7959 | T14: {=ROUND(SLOPE(_xlfn._xlws.FILTER(Tabela4[Y],$O$2:$O$26=Tabela4[[#This Row],[Base GroupB Cn]]),_xlfn._xlws.FILTER(Tabela4[X],$O$2:$O$26=Tabela4[[#This Row],[Base GroupB Cn]])),4)} -> 0.7959 | U14: -1.6525 | V14: {=ROUND(INTERCEPT(_xlfn._xlws.FILTER(Tabela4[Y],$O$2:$O$26=Tabela4[[#This Row],[Base GroupB Cn]]),_xlfn._xlws.FILTER(Tabela4[X],$O$2:$O$26=Tabela4[[#This Row],[Base GroupB Cn]])),4)} -> -1.6525 | W14: =Tabela4[[#This Row],[a]] -> 0.7959 | X14: =EXP(-Tabela4[[#This Row],[b]]/Tabela4[[#This Row],[a]]) -> 7.9746349 | Y14: =1-EXP(-(('dane źródłowe'!$C$9/Tabela4[[#This Row],[η]])^Tabela4[[#This Row],[ß]])) -> 0.4982562 | Z14: =Tabela4[[#This Row],[Prawdopodobieństwo wystąpienia awarii F(t)]]*7 -> 3.4877934
A15: 2 | B15: 45138 | C15: 45096 | D15: 1.3797635 | E15: ZGW/2023/07/060 | F15: N/06314 | G15: WZ/SER/23/07/224 | H15: PS221222366 | I15: MI/AGBP-09NXD0-I | J15: 541F677890125070811263 | K15: 3.RAC_136 | L15: WEWNETRZNA_154 | M15: M/11002015000051 | N15: 8.CZESCI_332 | O15: SILNIK_355 | P15: =(Tabela4[[#This Row],[Nr porządkowy]]-0.3)/($A$20+0.4) -> 0.22972973 | Q15: =LN(Tabela4[[#This Row],[Czas do awarii Ti]]) -> 0.32191209 | R15: =LN(-LN(1-Tabela4[[#This Row],[Empiryczne prawdopodobieństwo awarii (Fi)]])) -> -1.3431819 | S15: 0.7959 | T15: {=ROUND(SLOPE(_xlfn._xlws.FILTER(Tabela4[Y],$O$2:$O$26=Tabela4[[#This Row],[Base GroupB Cn]]),_xlfn._xlws.FILTER(Tabela4[X],$O$2:$O$26=Tabela4[[#This Row],[Base GroupB Cn]])),4)} -> 0.7959 | U15: -1.6525 | V15: {=ROUND(INTERCEPT(_xlfn._xlws.FILTER(Tabela4[Y],$O$2:$O$26=Tabela4[[#This Row],[Base GroupB Cn]]),_xlfn._xlws.FILTER(Tabela4[X],$O$2:$O$26=Tabela4[[#This Row],[Base GroupB Cn]])),4)} -> -1.6525 | W15: =Tabela4[[#This Row],[a]] -> 0.7959 | X15: =EXP(-Tabela4[[#This Row],[b]]/Tabela4[[#This Row],[a]]) -> 7.9746349 | Y15: =1-EXP(-(('dane źródłowe'!$C$9/Tabela4[[#This Row],[η]])^Tabela4[[#This Row],[ß]])) -> 0.4982562
A16: 3 | B16: 45138 | C16: 45075 | D16: 2.0696452 | E16: ZGW/2023/07/087 | F16: N/06251 | G16: WZ/SER/23/07/251 | H16: PS221224000 | I16: MI/AGBP-09NXD0-I | J16: 541F677890125070810272 | K16: 3.RAC_136 | L16: WEWNETRZNA_154 | M16: M/11002015A00236 | N16: 8.CZESCI_332 | O16: SILNIK_355 | P16: =(Tabela4[[#This Row],[Nr porządkowy]]-0.3)/($A$20+0.4) -> 0.36486486 | Q16: =LN(Tabela4[[#This Row],[Czas do awarii Ti]]) -> 0.72737719 | R16: =LN(-LN(1-Tabela4[[#This Row],[Empiryczne prawdopodobieństwo awarii (Fi)]])) -> -0.78983983 | S16: 0.7959 | T16: {=ROUND(SLOPE(_xlfn._xlws.FILTER(Tabela4[Y],$O$2:$O$26=Tabela4[[#This Row],[Base GroupB Cn]]),_xlfn._xlws.FILTER(Tabela4[X],$O$2:$O$26=Tabela4[[#This Row],[Base GroupB Cn]])),4)} -> 0.7959 | U16: -1.6525 | V16: {=ROUND(INTERCEPT(_xlfn._xlws.FILTER(Tabela4[Y],$O$2:$O$26=Tabela4[[#This Row],[Base GroupB Cn]]),_xlfn._xlws.FILTER(Tabela4[X],$O$2:$O$26=Tabela4[[#This Row],[Base GroupB Cn]])),4)} -> -1.6525 | W16: =Tabela4[[#This Row],[a]] -> 0.7959 | X16: =EXP(-Tabela4[[#This Row],[b]]/Tabela4[[#This Row],[a]]) -> 7.9746349 | Y16: =1-EXP(-(('dane źródłowe'!$C$9/Tabela4[[#This Row],[η]])^Tabela4[[#This Row],[ß]])) -> 0.4982562
A17: 4 | B17: 45169 | C17: 45015 | D17: 5.0591327 | E17: ZGW/2023/08/017 | F17: N/06169 | G17: WZ/SER/23/08/190 | H17: PS221212108 | I17: MI/AGBP-09NXD0-I | J17: 341F401970523250810075 | K17: 3.RAC_136 | L17: WEWNETRZNA_154 | M17: M/11002015000248 | N17: 8.CZESCI_332 | O17: SILNIK_355 | P17: =(Tabela4[[#This Row],[Nr porządkowy]]-0.3)/($A$20+0.4) -> 0.5 | Q17: =LN(Tabela4[[#This Row],[Czas do awarii Ti]]) -> 1.6211951 | R17: =LN(-LN(1-Tabela4[[#This Row],[Empiryczne prawdopodobieństwo awarii (Fi)]])) -> -0.36651292 | S17: 0.7959 | T17: {=ROUND(SLOPE(_xlfn._xlws.FILTER(Tabela4[Y],$O$2:$O$26=Tabela4[[#This Row],[Base GroupB Cn]]),_xlfn._xlws.FILTER(Tabela4[X],$O$2:$O$26=Tabela4[[#This Row],[Base GroupB Cn]])),4)} -> 0.7959 | U17: -1.6525 | V17: {=ROUND(INTERCEPT(_xlfn._xlws.FILTER(Tabela4[Y],$O$2:$O$26=Tabela4[[#This Row],[Base GroupB Cn]]),_xlfn._xlws.FILTER(Tabela4[X],$O$2:$O$26=Tabela4[[#This Row],[Base GroupB Cn]])),4)} -> -1.6525 | W17: =Tabela4[[#This Row],[a]] -> 0.7959 | X17: =EXP(-Tabela4[[#This Row],[b]]/Tabela4[[#This Row],[a]]) -> 7.9746349 | Y17: =1-EXP(-(('dane źródłowe'!$C$9/Tabela4[[#This Row],[η]])^Tabela4[[#This Row],[ß]])) -> 0.4982562
A18: 5 | B18: 45260 | C18: 45098 | D18: 5.3219448 | E18: ZGW/2023/11/068 | F18: N/04198 | G18: WZ/SER/23/11/159 | H18: PS221225732 | I18: MI/AGBP-09NXD0-I | J18: 541F677890125070810668 | K18: 3.RAC_136 | L18: WEWNETRZNA_154 | M18: M/11002015000396 | N18: 8.CZESCI_332 | O18: SILNIK_355 | P18: =(Tabela4[[#This Row],[Nr porządkowy]]-0.3)/($A$20+0.4) -> 0.63513514 | Q18: =LN(Tabela4[[#This Row],[Czas do awarii Ti]]) -> 1.6718388 | R18: =LN(-LN(1-Tabela4[[#This Row],[Empiryczne prawdopodobieństwo awarii (Fi)]])) -> 0.0081945599 | S18: 0.7959 | T18: {=ROUND(SLOPE(_xlfn._xlws.FILTER(Tabela4[Y],$O$2:$O$26=Tabela4[[#This Row],[Base GroupB Cn]]),_xlfn._xlws.FILTER(Tabela4[X],$O$2:$O$26=Tabela4[[#This Row],[Base GroupB Cn]])),4)} -> 0.7959 | U18: -1.6525 | V18: {=ROUND(INTERCEPT(_xlfn._xlws.FILTER(Tabela4[Y],$O$2:$O$26=Tabela4[[#This Row],[Base GroupB Cn]]),_xlfn._xlws.FILTER(Tabela4[X],$O$2:$O$26=Tabela4[[#This Row],[Base GroupB Cn]])),4)} -> -1.6525 | W18: =Tabela4[[#This Row],[a]] -> 0.7959 | X18: =EXP(-Tabela4[[#This Row],[b]]/Tabela4[[#This Row],[a]]) -> 7.9746349 | Y18: =1-EXP(-(('dane źródłowe'!$C$9/Tabela4[[#This Row],[η]])^Tabela4[[#This Row],[ß]])) -> 0.4982562
A19: 6 | B19: 45796 | C19: 45181 | D19: 20.203679 | E19: ZG/Z/25/05/051 | F19: N/04330 | G19: WZ/SER/25/05/062 | H19: PS221224162 | I19: MI/AGBP-09NXD0-I | J19: 541F677890125070810221 | K19: 3.RAC_136 | L19: WEWNETRZNA_154 | M19: M/11002015000051 | N19: 8.CZESCI_332 | O19: SILNIK_355 | P19: =(Tabela4[[#This Row],[Nr porządkowy]]-0.3)/($A$20+0.4) -> 0.77027027 | Q19: =LN(Tabela4[[#This Row],[Czas do awarii Ti]]) -> 3.0058647 | R19: =LN(-LN(1-Tabela4[[#This Row],[Empiryczne prawdopodobieństwo awarii (Fi)]])) -> 0.38584165 | S19: 0.7959 | T19: {=ROUND(SLOPE(_xlfn._xlws.FILTER(Tabela4[Y],$O$2:$O$26=Tabela4[[#This Row],[Base GroupB Cn]]),_xlfn._xlws.FILTER(Tabela4[X],$O$2:$O$26=Tabela4[[#This Row],[Base GroupB Cn]])),4)} -> 0.7959 | U19: -1.6525 | V19: {=ROUND(INTERCEPT(_xlfn._xlws.FILTER(Tabela4[Y],$O$2:$O$26=Tabela4[[#This Row],[Base GroupB Cn]]),_xlfn._xlws.FILTER(Tabela4[X],$O$2:$O$26=Tabela4[[#This Row],[Base GroupB Cn]])),4)} -> -1.6525 | W19: =Tabela4[[#This Row],[a]] -> 0.7959 | X19: =EXP(-Tabela4[[#This Row],[b]]/Tabela4[[#This Row],[a]]) -> 7.9746349 | Y19: =1-EXP(-(('dane źródłowe'!$C$9/Tabela4[[#This Row],[η]])^Tabela4[[#This Row],[ß]])) -> 0.4982562
A20: 7 | B20: 45684 | C20: 45016 | D20: 21.944809 | E20: ZG/Z/25/01/058 | F20: N/05907 | G20: WZ/SER/25/01/068 | H20: PS221213096 | I20: MI/AGBP-09NXD0-I | J20: 341F401970523250810138 | K20: 3.RAC_136 | L20: WEWNETRZNA_154 | M20: M/11002015000150 | N20: 8.CZESCI_332 | O20: SILNIK_355 | P20: =(Tabela4[[#This Row],[Nr porządkowy]]-0.3)/($A$20+0.4) -> 0.90540541 | Q20: =LN(Tabela4[[#This Row],[Czas do awarii Ti]]) -> 3.0885306 | R20: =LN(-LN(1-Tabela4[[#This Row],[Empiryczne prawdopodobieństwo awarii (Fi)]])) -> 0.85787951 | S20: 0.7959 | T20: {=ROUND(SLOPE(_xlfn._xlws.FILTER(Tabela4[Y],$O$2:$O$26=Tabela4[[#This Row],[Base GroupB Cn]]),_xlfn._xlws.FILTER(Tabela4[X],$O$2:$O$26=Tabela4[[#This Row],[Base GroupB Cn]])),4)} -> 0.7959 | U20: -1.6525 | V20: {=ROUND(INTERCEPT(_xlfn._xlws.FILTER(Tabela4[Y],$O$2:$O$26=Tabela4[[#This Row],[Base GroupB Cn]]),_xlfn._xlws.FILTER(Tabela4[X],$O$2:$O$26=Tabela4[[#This Row],[Base GroupB Cn]])),4)} -> -1.6525 | W20: =Tabela4[[#This Row],[a]] -> 0.7959 | X20: =EXP(-Tabela4[[#This Row],[b]]/Tabela4[[#This Row],[a]]) -> 7.9746349 | Y20: =1-EXP(-(('dane źródłowe'!$C$9/Tabela4[[#This Row],[η]])^Tabela4[[#This Row],[ß]])) -> 0.4982562
A21: 1 | B21: 45289 | C21: 45229 | D21: 1.9710907 | E21: ZGW/2023/12/063 | F21: N/06220 | G21: WZ/SER/23/12/190 | H21: PS221239839 | I21: MI/AGBP-09NXD0-I | J21: 541F677890125070810519 | K21: 3.RAC_136 | L21: WEWNETRZNA_154 | M21: MI/RG10A1(B2S)/BGEF | N21: G1.AKCESORIA_440 | O21: STEROWNIKI_519 | P21: =(Tabela4[[#This Row],[Nr porządkowy]]-0.3)/($A$22+0.4) -> 0.29166667 | Q21: =LN(Tabela4[[#This Row],[Czas do awarii Ti]]) -> 0.67858703 | R21: =LN(-LN(1-Tabela4[[#This Row],[Empiryczne prawdopodobieństwo awarii (Fi)]])) -> -1.0646733 | T21: {=ROUND(SLOPE(_xlfn._xlws.FILTER(Tabela4[Y],$O$2:$O$26=Tabela4[[#This Row],[Base GroupB Cn]]),_xlfn._xlws.FILTER(Tabela4[X],$O$2:$O$26=Tabela4[[#This Row],[Base GroupB Cn]])),4)} -> 1.5703 | V21: {=ROUND(INTERCEPT(_xlfn._xlws.FILTER(Tabela4[Y],$O$2:$O$26=Tabela4[[#This Row],[Base GroupB Cn]]),_xlfn._xlws.FILTER(Tabela4[X],$O$2:$O$26=Tabela4[[#This Row],[Base GroupB Cn]])),4)} -> -2.1303
A22: 2 | B22: 45169 | C22: 45034 | D22: 4.434954 | E22: ZGW/2023/08/018 | F22: N/06765 | G22: WZ/SER/23/08/191 | H22: PS221221080 | I22: MI/AGBP-09NXD0-I | J22: 341F647980123240810282 | K22: 3.RAC_136 | L22: WEWNETRZNA_154 | M22: MI/RG10A(B2S)/BGEF | N22: G1.AKCESORIA_440 | O22: STEROWNIKI_519 | P22: =(Tabela4[[#This Row],[Nr porządkowy]]-0.3)/($A$22+0.4) -> 0.70833333 | Q22: =LN(Tabela4[[#This Row],[Czas do awarii Ti]]) -> 1.4895172 | R22: =LN(-LN(1-Tabela4[[#This Row],[Empiryczne prawdopodobieństwo awarii (Fi)]])) -> 0.20875548 | T22: {=ROUND(SLOPE(_xlfn._xlws.FILTER(Tabela4[Y],$O$2:$O$26=Tabela4[[#This Row],[Base GroupB Cn]]),_xlfn._xlws.FILTER(Tabela4[X],$O$2:$O$26=Tabela4[[#This Row],[Base GroupB Cn]])),4)} -> 1.5703 | V22: {=ROUND(INTERCEPT(_xlfn._xlws.FILTER(Tabela4[Y],$O$2:$O$26=Tabela4[[#This Row],[Base GroupB Cn]]),_xlfn._xlws.FILTER(Tabela4[X],$O$2:$O$26=Tabela4[[#This Row],[Base GroupB Cn]])),4)} -> -2.1303
A23: 1 | B23: 45230 | C23: 45169 | D23: 2.0039422 | E23: ZGW/2023/10/045 | F23: N/06634 | G23: WZ/SER/23/10/167 | H23: PS221232391 | I23: MI/AGBP-09NXD0-I | J23: 541F677890125070811128 | K23: 3.RAC_136 | L23: WEWNETRZNA_154 | M23: MI/AGBP-09NXD0-I | N23: 3.RAC_136 | O23: WEWNETRZNA_154 | P23: =(Tabela4[[#This Row],[Nr porządkowy]]-0.3)/($A$26+0.4) -> 0.15909091 | Q23: =LN(Tabela4[[#This Row],[Czas do awarii Ti]]) -> 0.69511633 | R23: =LN(-LN(1-Tabela4[[#This Row],[Empiryczne prawdopodobieństwo awarii (Fi)]])) -> -1.7528943 | S23: 1.3684 | T23: {=ROUND(SLOPE(_xlfn._xlws.FILTER(Tabela4[Y],$O$2:$O$26=Tabela4[[#This Row],[Base GroupB Cn]]),_xlfn._xlws.FILTER(Tabela4[X],$O$2:$O$26=Tabela4[[#This Row],[Base GroupB Cn]])),4)} -> 1.3684 | U23: -2.7603 | V23: {=ROUND(INTERCEPT(_xlfn._xlws.FILTER(Tabela4[Y],$O$2:$O$26=Tabela4[[#This Row],[Base GroupB Cn]]),_xlfn._xlws.FILTER(Tabela4[X],$O$2:$O$26=Tabela4[[#This Row],[Base GroupB Cn]])),4)} -> -2.7603 | W23: =Tabela4[[#This Row],[a]] -> 1.3684 | X23: =EXP(-Tabela4[[#This Row],[b]]/Tabela4[[#This Row],[a]]) -> 7.5170467 | Y23: =1-EXP(-(('dane źródłowe'!$C$9/Tabela4[[#This Row],[η]])^Tabela4[[#This Row],[ß]])) -> 0.43582118 | Z23: =Tabela4[[#This Row],[Prawdopodobieństwo wystąpienia awarii F(t)]]*4 -> 1.7432847
A24: 2 | B24: 45230 | C24: 45064 | D24: 5.4533509 | E24: ZGW/2023/10/061 | F24: N/02963 | G24: WZ/SER/23/10/180 | H24: PS221217530 | I24: MI/AGBP-09NXD0-I | J24: 541F677890125070810914 | K24: 3.RAC_136 | L24: WEWNETRZNA_154 | M24: MI/AGBP-09NXD0-I | N24: 3.RAC_136 | O24: WEWNETRZNA_154 | P24: =(Tabela4[[#This Row],[Nr porządkowy]]-0.3)/($A$26+0.4) -> 0.38636364 | Q24: =LN(Tabela4[[#This Row],[Czas do awarii Ti]]) -> 1.6962303 | R24: =LN(-LN(1-Tabela4[[#This Row],[Empiryczne prawdopodobieństwo awarii (Fi)]])) -> -0.71671725 | S24: 1.3684 | T24: {=ROUND(SLOPE(_xlfn._xlws.FILTER(Tabela4[Y],$O$2:$O$26=Tabela4[[#This Row],[Base GroupB Cn]]),_xlfn._xlws.FILTER(Tabela4[X],$O$2:$O$26=Tabela4[[#This Row],[Base GroupB Cn]])),4)} -> 1.3684 | U24: -2.7603 | V24: {=ROUND(INTERCEPT(_xlfn._xlws.FILTER(Tabela4[Y],$O$2:$O$26=Tabela4[[#This Row],[Base GroupB Cn]]),_xlfn._xlws.FILTER(Tabela4[X],$O$2:$O$26=Tabela4[[#This Row],[Base GroupB Cn]])),4)} -> -2.7603 | W24: =Tabela4[[#This Row],[a]] -> 1.3684 | X24: =EXP(-Tabela4[[#This Row],[b]]/Tabela4[[#This Row],[a]]) -> 7.5170467 | Y24: =1-EXP(-(('dane źródłowe'!$C$9/Tabela4[[#This Row],[η]])^Tabela4[[#This Row],[ß]])) -> 0.43582118
A25: 3 | B25: 45289 | C25: 45096 | D25: 6.3403417 | E25: ZGW/2023/12/072 | F25: N/06758 | G25: WZ/SER/23/12/193 | H25: PS221221684 | I25: MI/AGBP-09NXD0-I | J25: 541F677890125070810089 | K25: 3.RAC_136 | L25: WEWNETRZNA_154 | M25: MI/AGBP-09NXD0-IH | N25: 3.RAC_136 | O25: WEWNETRZNA_154 | P25: =(Tabela4[[#This Row],[Nr porządkowy]]-0.3)/($A$26+0.4) -> 0.61363636 | Q25: =LN(Tabela4[[#This Row],[Czas do awarii Ti]]) -> 1.8469327 | R25: =LN(-LN(1-Tabela4[[#This Row],[Empiryczne prawdopodobieństwo awarii (Fi)]])) -> -0.050266149 | S25: 1.3684 | T25: {=ROUND(SLOPE(_xlfn._xlws.FILTER(Tabela4[Y],$O$2:$O$26=Tabela4[[#This Row],[Base GroupB Cn]]),_xlfn._xlws.FILTER(Tabela4[X],$O$2:$O$26=Tabela4[[#This Row],[Base GroupB Cn]])),4)} -> 1.3684 | U25: -2.7603 | V25: {=ROUND(INTERCEPT(_xlfn._xlws.FILTER(Tabela4[Y],$O$2:$O$26=Tabela4[[#This Row],[Base GroupB Cn]]),_xlfn._xlws.FILTER(Tabela4[X],$O$2:$O$26=Tabela4[[#This Row],[Base GroupB Cn]])),4)} -> -2.7603 | W25: =Tabela4[[#This Row],[a]] -> 1.3684 | X25: =EXP(-Tabela4[[#This Row],[b]]/Tabela4[[#This Row],[a]]) -> 7.5170467 | Y25: =1-EXP(-(('dane źródłowe'!$C$9/Tabela4[[#This Row],[η]])^Tabela4[[#This Row],[ß]])) -> 0.43582118
A26: 4 | B26: 45559 | C26: 45212 | D26: 11.399474 | E26: ZG/Z/24/09/056 | F26: N/07314 | G26: WZ/SER/24/09/084 | H26: PS221238145 | I26: MI/AGBP-09NXD0-I | J26: 541F677890125070810381 | K26: 3.RAC_136 | L26: WEWNETRZNA_154 | M26: MI/AGBP-09NXD0-I | N26: 3.RAC_136 | O26: WEWNETRZNA_154 | P26: =(Tabela4[[#This Row],[Nr porządkowy]]-0.3)/($A$26+0.4) -> 0.84090909 | Q26: =LN(Tabela4[[#This Row],[Czas do awarii Ti]]) -> 2.4335672 | R26: =LN(-LN(1-Tabela4[[#This Row],[Empiryczne prawdopodobieństwo awarii (Fi)]])) -> 0.60883007 | S26: 1.3684 | T26: {=ROUND(SLOPE(_xlfn._xlws.FILTER(Tabela4[Y],$O$2:$O$26=Tabela4[[#This Row],[Base GroupB Cn]]),_xlfn._xlws.FILTER(Tabela4[X],$O$2:$O$26=Tabela4[[#This Row],[Base GroupB Cn]])),4)} -> 1.3684 | U26: -2.7603 | V26: {=ROUND(INTERCEPT(_xlfn._xlws.FILTER(Tabela4[Y],$O$2:$O$26=Tabela4[[#This Row],[Base GroupB Cn]]),_xlfn._xlws.FILTER(Tabela4[X],$O$2:$O$26=Tabela4[[#This Row],[Base GroupB Cn]])),4)} -> -2.7603 | W26: =Tabela4[[#This Row],[a]] -> 1.3684 | X26: =EXP(-Tabela4[[#This Row],[b]]/Tabela4[[#This Row],[a]]) -> 7.5170467 | Y26: =1-EXP(-(('dane źródłowe'!$C$9/Tabela4[[#This Row],[η]])^Tabela4[[#This Row],[ß]])) -> 0.43582118

Sheet PCB w BLANC PRO
A1: lp | B1: Czas do awarii Ti | C1: Nr zlecenia serwisowego | D1: Nr nabywcy | E1: Nr dokumentu | F1: Nr przedm. serwisu (serwisow.) | G1: Model urządzenia M | H1: Nr seryjny SN | I1: Base Group A - Serviced | J1: Base Group B- Serviced | K1: Nr C | L1: Base GroupA | M1: Base GroupB Cn | N1: Koszt jednostkowy | O1: Ilość | P1: Empiryczne prawdopodobieństwo awarii (Fi) | Q1: X | R1: Y | S1: a | T1: b | U1: ß | V1: η | W1: Prawdopodobieństwo wystąpienia awarii F(t) | Y1: a | Z1: b
A2: 1 | B2: 0.32851511 | C2: ZG/Z/24/07/068 | D2: N/05233 | E2: WZ/SER/24/07/103 | F2: PS220702594 | G2: MI/AGBP-09NXD0-I | H2: 341F401970523250810396 | I2: 3.RAC_136 | J2: WEWNETRZNA_154 | K2: M/17222000031205 | L2: 8.CZESCI_332 | M2: PCB_358 | N2: -927.18333 | O2: -1 | P2: =(Tabela2[[#This Row],[lp]]-0.3)/($A$37+0.4) -> 0.019230769 | Q2: =LN(Tabela2[[#This Row],[Czas do awarii Ti]]) -> -1.1131724 | R2: =LN(-LN(1-Tabela2[[#This Row],[Empiryczne prawdopodobieństwo awarii (Fi)]])) -> -3.9415504 | S2: 1.022 | T2: -2.6318 | U2: =Tabela2[[#This Row],[a]] -> 1.022 | V2: =EXP(-Tabela2[[#This Row],[b]]/Tabela2[[#This Row],[a]]) -> 13.133245 | W2: =1-EXP(-(('dane źródłowe'!$C$9/Tabela2[[#This Row],[η]])^Tabela2[[#This Row],[ß]])) -> 0.31113507 | Y2: 1.022 | Z2: -2.6318
A3: 2 | B3: 0.45992116 | C3: ZG/Z/24/04/063 | D3: N/07992 | E3: WZ/SER/24/04/058 | F3: PS221242205 | G3: MI/AGBP-12NXD0-I | H3: 541J612950135050810274 | I3: 3.RAC_136 | J3: WEWNETRZNA_154 | K3: M/17122000053748 | L3: 8.CZESCI_332 | M3: PCB_358 | N3: -57.79 | O3: -1 | P3: =(Tabela2[[#This Row],[lp]]-0.3)/($A$37+0.4) -> 0.046703297 | Q3: =LN(Tabela2[[#This Row],[Czas do awarii Ti]]) -> -0.7767002 | R3: =LN(-LN(1-Tabela2[[#This Row],[Empiryczne prawdopodobieństwo awarii (Fi)]])) -> -3.0401213 | S3: 1.022 | T3: -2.6318 | U3: =Tabela2[[#This Row],[a]] -> 1.022 | V3: =EXP(-Tabela2[[#This Row],[b]]/Tabela2[[#This Row],[a]]) -> 13.133245 | W3: =1-EXP(-(('dane źródłowe'!$C$9/Tabela2[[#This Row],[η]])^Tabela2[[#This Row],[ß]])) -> 0.31113507
A4: 3 | B4: 1.0183968 | C4: ZGW/2023/08/066 | D4: N/02963 | E4: WZ/SER/23/08/215 | F4: PS221228261 | G4: MI/AGBPW-12NXD0-IH | H4: 541H704500132010810331 | I4: 3.RAC_136 | J4: WEWNETRZNA_154 | K4: M/17122000053748 | L4: 8.CZESCI_332 | M4: PCB_358 | N4: -58.48818 | O4: -1 | P4: =(Tabela2[[#This Row],[lp]]-0.3)/($A$37+0.4) -> 0.074175824 | Q4: =LN(Tabela2[[#This Row],[Czas do awarii Ti]]) -> 0.018229671 | R4: =LN(-LN(1-Tabela2[[#This Row],[Empiryczne prawdopodobieństwo awarii (Fi)]])) -> -2.563029 | S4: 1.022 | T4: -2.6318 | U4: =Tabela2[[#This Row],[a]] -> 1.022 | V4: =EXP(-Tabela2[[#This Row],[b]]/Tabela2[[#This Row],[a]]) -> 13.133245 | W4: =1-EXP(-(('dane źródłowe'!$C$9/Tabela2[[#This Row],[η]])^Tabela2[[#This Row],[ß]])) -> 0.31113507
A5: 4 | B5: 1.2483574 | C5: ZG/Z/24/08/043 | D5: N/06799 | E5: WZ/SER/24/08/085 | F5: PS240604353 | G5: MI/AGBPW-12NXD0-IH | H5: 541H704500132010810647 | I5: 3.RAC_136 | J5: WEWNETRZNA_154 | K5: M/17122000053748 | L5: 8.CZESCI_332 | M5: PCB_358 | N5: -55.23 | O5: -1 | P5: =(Tabela2[[#This Row],[lp]]-0.3)/($A$37+0.4) -> 0.10164835 | Q5: =LN(Tabela2[[#This Row],[Czas do awarii Ti]]) -> 0.22182863 | R5: =LN(-LN(1-Tabela2[[#This Row],[Empiryczne prawdopodobieństwo awarii (Fi)]])) -> -2.2331178 | S5: 1.022 | T5: -2.6318 | U5: =Tabela2[[#This Row],[a]] -> 1.022 | V5: =EXP(-Tabela2[[#This Row],[b]]/Tabela2[[#This Row],[a]]) -> 13.133245 | W5: =1-EXP(-(('dane źródłowe'!$C$9/Tabela2[[#This Row],[η]])^Tabela2[[#This Row],[ß]])) -> 0.31113507
A6: 5 | B6: 1.9382392 | C6: ZG/Z/25/01/058 | D6: N/05907 | E6: WZ/SER/25/01/068 | F6: PS221213096 | G6: MI/AGBP-09NXD0-I | H6: 341F401970523250810138 | I6: 3.RAC_136 | J6: WEWNETRZNA_154 | K6: M/17122000053742 | L6: 8.CZESCI_332 | M6: PCB_358 | N6: -51.035 | O6: -1 | P6: =(Tabela2[[#This Row],[lp]]-0.3)/($A$37+0.4) -> 0.12912088 | Q6: =LN(Tabela2[[#This Row],[Czas do awarii Ti]]) -> 0.66177991 | R6: =LN(-LN(1-Tabela2[[#This Row],[Empiryczne prawdopodobieństwo awarii (Fi)]])) -> -1.9786765 | S6: 1.022 | T6: -2.6318 | U6: =Tabela2[[#This Row],[a]] -> 1.022 | V6: =EXP(-Tabela2[[#This Row],[b]]/Tabela2[[#This Row],[a]]) -> 13.133245 | W6: =1-EXP(-(('dane źródłowe'!$C$9/Tabela2[[#This Row],[η]])^Tabela2[[#This Row],[ß]])) -> 0.31113507
A7: 6 | B7: 2.0367937 | C7: ZGW/2023/07/087 | D7: N/06251 | E7: WZ/SER/23/08/166 | F7: PS221224000 | G7: MI/AGBP-09NXD0-I | H7: 541F677890125070810272 | I7: 3.RAC_136 | J7: WEWNETRZNA_154 | K7: M/17122000053742 | L7: 8.CZESCI_332 | M7: PCB_358 | N7: -82.26333 | O7: -1 | P7: =(Tabela2[[#This Row],[lp]]-0.3)/($A$37+0.4) -> 0.15659341 | Q7: =LN(Tabela2[[#This Row],[Czas do awarii Ti]]) -> 0.71137685 | R7: =LN(-LN(1-Tabela2[[#This Row],[Empiryczne prawdopodobieństwo awarii (Fi)]])) -> -1.7701578 | S7: 1.022 | T7: -2.6318 | U7: =Tabela2[[#This Row],[a]] -> 1.022 | V7: =EXP(-Tabela2[[#This Row],[b]]/Tabela2[[#This Row],[a]]) -> 13.133245 | W7: =1-EXP(-(('dane źródłowe'!$C$9/Tabela2[[#This Row],[η]])^Tabela2[[#This Row],[ß]])) -> 0.31113507
A8: 7 | B8: 2.1024967 | C8: ZGW/2023/08/062 | D8: N/07667 | E8: WZ/SER/23/08/212 | F8: PS221222933 | G8: MI/AGBP-12NXD0-I | H8: 541F678410125100870747 | I8: 3.RAC_136 | J8: WEWNETRZNA_154 | K8: M/17222000031204 | L8: 8.CZESCI_332 | M8: PCB_358 | N8: -154.382 | O8: -1 | P8: =(Tabela2[[#This Row],[lp]]-0.3)/($A$37+0.4) -> 0.18406593 | Q8: =LN(Tabela2[[#This Row],[Czas do awarii Ti]]) -> 0.74312555 | R8: =LN(-LN(1-Tabela2[[#This Row],[Empiryczne prawdopodobieństwo awarii (Fi)]])) -> -1.592474 | S8: 1.022 | T8: -2.6318 | U8: =Tabela2[[#This Row],[a]] -> 1.022 | V8: =EXP(-Tabela2[[#This Row],[b]]/Tabela2[[#This Row],[a]]) -> 13.133245 | W8: =1-EXP(-(('dane źródłowe'!$C$9/Tabela2[[#This Row],[η]])^Tabela2[[#This Row],[ß]])) -> 0.31113507
A9: 8 | B9: 3.022339 | C9: ZG/Z/24/06/107 | D9: N/02902 | E9: WZ/SER/24/07/068 | F9: PS220701082 | G9: MI/AGBP-18NXD0-I | H9: 341F401970123260850026 | I9: 3.RAC_136 | J9: WEWNETRZNA_154 | K9: M/17122000053747 | L9: 8.CZESCI_332 | M9: PCB_358 | N9: -58.84 | O9: -1 | P9: =(Tabela2[[#This Row],[lp]]-0.3)/($A$37+0.4) -> 0.21153846 | Q9: =LN(Tabela2[[#This Row],[Czas do awarii Ti]]) -> 1.106031 | R9: =LN(-LN(1-Tabela2[[#This Row],[Empiryczne prawdopodobieństwo awarii (Fi)]])) -> -1.4368652 | S9: 1.022 | T9: -2.6318 | U9: =Tabela2[[#This Row],[a]] -> 1.022 | V9: =EXP(-Tabela2[[#This Row],[b]]/Tabela2[[#This Row],[a]]) -> 13.133245 | W9: =1-EXP(-(('dane źródłowe'!$C$9/Tabela2[[#This Row],[η]])^Tabela2[[#This Row],[ß]])) -> 0.31113507
A10: 9 | B10: 4.6649146 | C10: ZGW/2023/11/068 | D10: N/04198 | E10: WZ/SER/23/11/159 | F10: PS221225732 | G10: MI/AGBP-09NXD0-I | H10: 541F677890125070810668 | I10: 3.RAC_136 | J10: WEWNETRZNA_154 | K10: M/17222000031205 | L10: 8.CZESCI_332 | M10: PCB_358 | N10: -155.52 | O10: -1 | P10: =(Tabela2[[#This Row],[lp]]-0.3)/($A$37+0.4) -> 0.23901099 | Q10: =LN(Tabela2[[#This Row],[Czas do awarii Ti]]) -> 1.5400695 | R10: =LN(-LN(1-Tabela2[[#This Row],[Empiryczne prawdopodobieństwo awarii (Fi)]])) -> -1.2977841 | S10: 1.022 | T10: -2.6318 | U10: =Tabela2[[#This Row],[a]] -> 1.022 | V10: =EXP(-Tabela2[[#This Row],[b]]/Tabela2[[#This Row],[a]]) -> 13.133245 | W10: =1-EXP(-(('dane źródłowe'!$C$9/Tabela2[[#This Row],[η]])^Tabela2[[#This Row],[ß]])) -> 0.31113507
A11: 10 | B11: 5.1576873 | C11: ZGW/2023/09/060 | D11: N/07233 | E11: WZ/SER/23/09/147 | F11: PS221215271 | G11: MI/AGBP-12NXD0-I | H11: 541F678410125100871317 | I11: 3.RAC_136 | J11: WEWNETRZNA_154 | K11: M/17222000031204 | L11: 8.CZESCI_332 | M11: PCB_358 | N11: -154.385 | O11: -1 | P11: =(Tabela2[[#This Row],[lp]]-0.3)/($A$37+0.4) -> 0.26648352 | Q11: =LN(Tabela2[[#This Row],[Czas do awarii Ti]]) -> 1.6404883 | R11: =LN(-LN(1-Tabela2[[#This Row],[Empiryczne prawdopodobieństwo awarii (Fi)]])) -> -1.1714888 | S11: 1.022 | T11: -2.6318 | U11: =Tabela2[[#This Row],[a]] -> 1.022 | V11: =EXP(-Tabela2[[#This Row],[b]]/Tabela2[[#This Row],[a]]) -> 13.133245 | W11: =1-EXP(-(('dane źródłowe'!$C$9/Tabela2[[#This Row],[η]])^Tabela2[[#This Row],[ß]])) -> 0.31113507
A12: 11 | B12: 5.1905388 | C12: ZG/Z/24/06/023 | D12: N/03201 | E12: WZ/SER/24/06/048 | F12: PS221249400 | G12: MI/AGBP-12NXD0-I | H12: 541K46599013A060830016 | I12: 3.RAC_136 | J12: WEWNETRZNA_154 | K12: M/17122000053748 | L12: 8.CZESCI_332 | M12: PCB_358 | N12: -57.42429 | O12: -1 | P12: =(Tabela2[[#This Row],[lp]]-0.3)/($A$37+0.4) -> 0.29395604 | Q12: =LN(Tabela2[[#This Row],[Czas do awarii Ti]]) -> 1.6468375 | R12: =LN(-LN(1-Tabela2[[#This Row],[Empiryczne prawdopodobieństwo awarii (Fi)]])) -> -1.0553293 | S12: 1.022 | T12: -2.6318 | U12: =Tabela2[[#This Row],[a]] -> 1.022 | V12: =EXP(-Tabela2[[#This Row],[b]]/Tabela2[[#This Row],[a]]) -> 13.133245 | W12: =1-EXP(-(('dane źródłowe'!$C$9/Tabela2[[#This Row],[η]])^Tabela2[[#This Row],[ß]])) -> 0.31113507
A13: 12 | B13: 5.978975 | C13: ZGW/2023/08/010 | D13: N/03134 | E13: WZ/SER/23/08/185 | F13: PS221209327 | G13: MI/AGBP-12NXD0-I | H13: 541F678720124240870048 | I13: 3.RAC_136 | J13: WEWNETRZNA_154 | K13: M/17222000031204 | L13: 8.CZESCI_332 | M13: PCB_358 | N13: -183.11 | O13: -1 | P13: =(Tabela2[[#This Row],[lp]]-0.3)/($A$37+0.4) -> 0.32142857 | Q13: =LN(Tabela2[[#This Row],[Czas do awarii Ti]]) -> 1.7882492 | R13: =LN(-LN(1-Tabela2[[#This Row],[Empiryczne prawdopodobieństwo awarii (Fi)]])) -> -0.94735442 | S13: 1.022 | T13: -2.6318 | U13: =Tabela2[[#This Row],[a]] -> 1.022 | V13: =EXP(-Tabela2[[#This Row],[b]]/Tabela2[[#This Row],[a]]) -> 13.133245 | W13: =1-EXP(-(('dane źródłowe'!$C$9/Tabela2[[#This Row],[η]])^Tabela2[[#This Row],[ß]])) -> 0.31113507
A14: 13 | B14: 6.2746386 | C14: ZW/Z/24/05/001 | D14: N/08056 | E14: WZ/SER/24/05/011 | F14: PS240402878 | G14: MI/AGBP-09NXD0-I | H14: 541N369600141200170074 | I14: 3.RAC_136 | J14: WEWNETRZNA_154 | K14: M/17122500000830 | L14: 8.CZESCI_332 | M14: PCB_358 | N14: -73.48256 | O14: -1 | P14: =(Tabela2[[#This Row],[lp]]-0.3)/($A$37+0.4) -> 0.3489011 | Q14: =LN(Tabela2[[#This Row],[Czas do awarii Ti]]) -> 1.8365159 | R14: =LN(-LN(1-Tabela2[[#This Row],[Empiryczne prawdopodobieństwo awarii (Fi)]])) -> -0.84607991 | S14: 1.022 | T14: -2.6318 | U14: =Tabela2[[#This Row],[a]] -> 1.022 | V14: =EXP(-Tabela2[[#This Row],[b]]/Tabela2[[#This Row],[a]]) -> 13.133245 | W14: =1-EXP(-(('dane źródłowe'!$C$9/Tabela2[[#This Row],[η]])^Tabela2[[#This Row],[ß]])) -> 0.31113507
... A37: 36 | B37: 27.299606 | C37: ZG/Z/25/07/019 | D37: N/06812 | E37: WZ/SER/25/07/050 | F37: PS240601129 | G37: MI/AGBP-18NXD0-I | H37: 541L25653033A070130136 | I37: 3.RAC_136 | J37: WEWNETRZNA_154 | K37: M/17122000052326 | L37: 8.CZESCI_332 | M37: PCB_358 | N37: -52.38583 | O37: -1 | P37: =(Tabela2[[#This Row],[lp]]-0.3)/($A$37+0.4) -> 0.98076923 | Q37: =LN(Tabela2[[#This Row],[Czas do awarii Ti]]) -> 3.3068723 | R37: =LN(-LN(1-Tabela2[[#This Row],[Empiryczne prawdopodobieństwo awarii (Fi)]])) -> 1.3740304 | S37: 1.022 | T37: -2.6318 | U37: =Tabela2[[#This Row],[a]] -> 1.022 | V37: =EXP(-Tabela2[[#This Row],[b]]/Tabela2[[#This Row],[a]]) -> 13.133245 | W37: =1-EXP(-(('dane źródłowe'!$C$9/Tabela2[[#This Row],[η]])^Tabela2[[#This Row],[ß]])) -> 0.31113507
